consumer,line,dependency
app/api/cron/admin-scan/route.ts,1,@/lib/admin/adminEquities
app/api/cron/admin-scan/route.ts,13,@/lib/admin/sharedScan
app/api/cron/arca-cycle/route.ts,1,@/lib/admin/cryptoOpsAlerts
app/api/cron/arca-cycle/route.ts,2,@/lib/admin/cryptoAutomation
app/api/cron/arca-cycle/route.ts,3,@/lib/admin/cryptoMarketsPause
app/api/cron/arca-cycle/route.ts,4,@/lib/admin/discoveryOnly
app/api/cron/arca-cycle/route.ts,5,@/lib/admin/equityNewsJev
app/api/cron/arca-cycle/route.ts,6,@/lib/admin/cryptoPaper
app/api/cron/arca-cycle/route.ts,7,@/lib/admin/cryptoPaperBase
app/api/cron/arca-cycle/route.ts,8,@/lib/admin/cryptoMarketDataJob
app/api/cron/arca-cycle/route.ts,9,@/lib/admin/cryptoNewListingsJob
app/api/cron/arca-cycle/route.ts,10,@/lib/admin/cgHistoryJob
app/api/cron/arca-cycle/route.ts,11,@/lib/admin/cryptoSignalLedger
app/api/cron/arca-cycle/route.ts,12,@/lib/admin/cryptoVariantE
app/api/cron/arca-cycle/route.ts,13,@/lib/admin/cryptoMetaModelJob
app/api/cron/arca-cycle/route.ts,14,@/lib/admin/cgHistory
app/api/cron/arca-cycle/route.ts,15,@/lib/admin/cryptoCalibration
app/api/cron/arca-cycle/route.ts,17,@/lib/admin/cryptoBreakoutVerdict
app/api/cron/arca-cycle/route.ts,33,@/lib/admin/portfolio-lab/simulateCycle
app/api/cron/arca-cycle/route.ts,34,@/lib/admin/notifyAdmin
app/api/cron/arca-daily-report/route.ts,16,@/lib/admin/portfolio-lab/reportEngine
app/api/cron/arca-daily-report/route.ts,17,@/lib/admin/notifyAdmin
app/api/cron/edge-label-outcomes/route.ts,13,@/lib/admin/notifyAdmin
app/api/cron/edge-rebuild-matrix/route.ts,14,@/lib/admin/notifyAdmin
app/api/cron/evening-packet/route.ts,20,@/lib/admin/edgePacketSnapshots
app/api/cron/evening-packet/route.ts,21,@/lib/admin/equityNewsJev
app/api/cron/evening-packet/route.ts,22,@/lib/admin/notifyAdmin
app/api/cron/label-ai-outcomes/route.ts,7,@/lib/admin/notifyAdmin
app/api/cron/macro-ingest/route.ts,13,@/lib/admin/notifyAdmin
app/api/cron/persist-edge-packets/route.ts,1,@/lib/admin/adminEquities
app/api/cron/persist-edge-packets/route.ts,34,@/lib/admin/researchPacketHistory
app/api/cron/persist-edge-packets/route.ts,35,@/lib/admin/getAdminResearchPacket
app/api/cron/persist-edge-packets/route.ts,36,@/lib/admin/edgePacket
app/api/cron/persist-edge-packets/route.ts,37,@/lib/admin/edgePacketSnapshots
app/api/cron/persist-edge-packets/route.ts,38,@/lib/admin/sharedScan
app/api/cron/persist-edge-packets/route.ts,39,@/lib/admin/sharedScanLogic
app/api/cron/persist-edge-packets/route.ts,40,@/lib/admin/notifyAdmin
app/api/jobs/email-best-opportunities/route.ts,21,@/lib/admin/scan-context
app/api/jobs/email-daily-review/route.ts,4,@/lib/admin/morning-brief
app/api/jobs/email-morning-brief/route.ts,10,@/lib/admin/morning-brief
app/api/jobs/email-morning-brief/route.ts,11,@/lib/admin/defaultAdminMarket
app/api/operator/engine/auto-scan/route.ts,1,@/lib/admin/adminEquities
app/api/operator/engine/auto-scan/route.ts,24,@/lib/admin/sharedScan
app/api/operator/engine/auto-scan/route.ts,25,@/lib/admin/sharedScanStore
app/api/operator/engine/radar/route.ts,13,@/lib/admin/sharedScan
app/api/webhooks/coingecko/route.ts,3,@/lib/admin/cryptoNewListings
app/api/webhooks/coingecko/route.ts,4,@/lib/admin/cryptoNewListingsJob
lib/coingecko.ts,37,@/lib/admin/cgCredits
lib/coingecko.ts,41,@/lib/admin/providerTelemetry
lib/engines/internalResearchScore.ts,16,@/lib/admin/types
lib/engines/internalResearchScore.ts,23,@/lib/admin/adminTypes
lib/engines/researchAlertEngine.ts,23,@/lib/admin/adminTypes
lib/engines/researchAlertEngine.ts,24,@/lib/admin/types
lib/engines/setupClassifier.ts,10,@/lib/admin/types
lib/engines/setupClassifier.ts,11,@/lib/admin/adminTypes
lib/engines/trapDetection.ts,1,@/lib/admin/types
lib/operator/market-data.ts,20,@/lib/admin/adminCrypto
lib/preTrade/checklist.ts,25,@/lib/admin/scan-context
lib/universe/personalUniverse.ts,15,@/lib/admin/notifyAdmin
